id	HALLMARK_ADIPOGENESIS	HALLMARK_ALLOGRAFT_REJECTION	HALLMARK_ANDROGEN_RESPONSE	HALLMARK_ANGIOGENESIS	HALLMARK_APICAL_JUNCTION	HALLMARK_APICAL_SURFACE	HALLMARK_APOPTOSIS	HALLMARK_BILE_ACID_METABOLISM	HALLMARK_CHOLESTEROL_HOMEOSTASIS	HALLMARK_COAGULATION	HALLMARK_COMPLEMENT	HALLMARK_DNA_REPAIR	HALLMARK_E2F_TARGETS	HALLMARK_EPITHELIAL_MESENCHYMAL_TRANSITION	HALLMARK_ESTROGEN_RESPONSE_EARLY	HALLMARK_ESTROGEN_RESPONSE_LATE	HALLMARK_FATTY_ACID_METABOLISM	HALLMARK_G2M_CHECKPOINT	HALLMARK_GLYCOLYSIS	HALLMARK_HEDGEHOG_SIGNALING	HALLMARK_HEME_METABOLISM	HALLMARK_HYPOXIA	HALLMARK_IL2_STAT5_SIGNALING	HALLMARK_IL6_JAK_STAT3_SIGNALING	HALLMARK_INFLAMMATORY_RESPONSE	HALLMARK_INTERFERON_ALPHA_RESPONSE	HALLMARK_INTERFERON_GAMMA_RESPONSE	HALLMARK_KRAS_SIGNALING_DN	HALLMARK_KRAS_SIGNALING_UP	HALLMARK_MITOTIC_SPINDLE	HALLMARK_MTORC1_SIGNALING	HALLMARK_MYC_TARGETS_V1	HALLMARK_MYC_TARGETS_V2	HALLMARK_MYOGENESIS	HALLMARK_NOTCH_SIGNALING	HALLMARK_OXIDATIVE_PHOSPHORYLATION	HALLMARK_P53_PATHWAY	HALLMARK_PANCREAS_BETA_CELLS	HALLMARK_PEROXISOME	HALLMARK_PI3K_AKT_MTOR_SIGNALING	HALLMARK_PROTEIN_SECRETION	HALLMARK_REACTIVE_OXYGEN_SPECIES_PATHWAY	HALLMARK_SPERMATOGENESIS	HALLMARK_TGF_BETA_SIGNALING	HALLMARK_TNFA_SIGNALING_VIA_NFKB	HALLMARK_UNFOLDED_PROTEIN_RESPONSE	HALLMARK_UV_RESPONSE_DN	HALLMARK_UV_RESPONSE_UP	HALLMARK_WNT_BETA_CATENIN_SIGNALING	HALLMARK_XENOBIOTIC_METABOLISM	x_hires_image_S19T046428	Y_hires_image_S19T046428	x_lowres_image_S19T046428	Y_lowres_image_S19T046428	x_hires_image_S19T008586	Y_hires_image_S19T008586	x_lowres_image_S19T008586	Y_lowres_image_S19T008586	x_hires_image_S19T003201	Y_hires_image_S19T003201	x_lowres_image_S19T003201	Y_lowres_image_S19T003201	x_hires_image_S19T000617	Y_hires_image_S19T000617	x_lowres_image_S19T000617	Y_lowres_image_S19T000617	num_cluster	umap_1	umap_2	nUMI	percent.mito	nGene	Pred_clust_0	Pred_clust_1	Pred_clust_10	Pred_clust_11	Pred_clust_12	Pred_clust_13	Pred_clust_14	Pred_clust_15	Pred_clust_16	Pred_clust_17	Pred_clust_18	Pred_clust_19	Pred_clust_2	20_1	Pred_clust_20	Pred_clust_21	22_1	Pred_clust_22	Pred_clust_3	Pred_clust_4	Pred_clust_5	Pred_clust_6	Pred_clust_7	Pred_clust_8	Pred_clust_9	Cluster_probable
S19T003201_AATTGAACGCTCTGGT-1	1.517	3.573	0.9009999999999999	0.18	1.485	0.258	1.46	0.292	0.426	0.457	1.3259999999999998	1.306	1.605	0.851	0.787	0.9640000000000001	1.0390000000000001	1.831	1.34	0.149	1.01	1.611	1.1320000000000001	0.361	0.779	1.416	2.8169999999999997	0.17	1.136	1.629	1.945	4.872	0.632	0.9359999999999999	0.222	2.7760000000000002	2.083	0.188	0.716	1.399	0.831	0.713	0.191	0.519	1.347	1.421	0.634	1.069	0.25	0.992	0	0	0	0	0	0	0	0	10634	11554	3193	3470	0	0	0	0	7	1.3413955375553799	-2.66139121498346	6016	0.021110372340426002	2592		0.143689230151041	0.049868698623530994	0.0	0.076422740739598			0.0	0.056537134176914	0.0	0.0	0.044226418344888	0.096956668062873		0.0	0.0				0.0	0.035697294723984	0.133968702143018	0.36263311303415297			7
S19T003201_ACATCGTATGCAATGG-1	1.5919999999999999	2.8489999999999998	0.737	0.23600000000000002	1.459	0.225	1.169	0.45299999999999996	0.602	0.63	1.659	1.21	1.564	0.9129999999999999	0.818	1.011	1.104	1.3659999999999999	1.273	0.142	1.1909999999999998	1.294	1.41	0.561	1.17	1.5619999999999998	2.82	0.455	1.218	1.391	1.854	4.112	0.688	0.821	0.21899999999999997	2.656	1.766	0.092	0.797	0.9840000000000001	0.95	0.675	0.303	0.26899999999999996	1.3090000000000002	1.41	0.8759999999999999	1.124	0.252	0.737	0	0	0	0	0	0	0	0	10631	11320	3192	3399	0	0	0	0	5	-0.5954200819133101	-2.6287130876946403	10027	0.022339682856288	3768		0.23224313941973998	0.064896351013264	0.0	0.044405142107473			0.008200259513111001	0.0	0.0	0.0	0.008452466020185002	0.275148134228722		0.0	0.0				0.0	0.173831166712994	0.035637083029469004	0.157186257955043			2
S19T003201_AGATACTCAAGATCGA-1	1.608	2.8819999999999997	0.973	0.094	1.392	0.142	1.2770000000000001	0.387	0.45899999999999996	0.508	1.47	1.745	1.4380000000000002	1.015	0.8290000000000001	1.006	1.213	1.5130000000000001	1.0979999999999999	0.142	1.327	1.314	1.297	0.513	0.8959999999999999	1.15	2.312	0.19699999999999998	0.961	1.413	1.944	5.125	0.449	0.8220000000000001	0.302	3.033	1.895	0.188	0.922	1.2819999999999998	0.932	0.551	0.293	0.47200000000000003	1.099	1.093	0.679	1.3159999999999998	0.396	0.9229999999999999	0	0	0	0	0	0	0	0	10836	11434	3254	3434	0	0	0	0	7	1.71614627093093	-2.19486852134943	6953	0.019272256579894	2832		0.10241328312343399	0.04892260601748	0.029766932455452005	0.0			0.0	0.066161218988958	0.0	0.0	0.12074195177637899	0.053385754519693004		0.044107479325972004	0.0				0.03515824963836	0.12252256495152801	0.054911349689478	0.321908609513265			7
S19T003201_AGGACAGTCGAATCCC-1	1.381	3.158	1.051	0.183	1.492	0.23199999999999998	1.516	0.35100000000000003	0.436	0.446	1.296	1.4	1.828	0.7070000000000001	0.8140000000000001	0.9840000000000001	1.294	1.675	1.244	0.29100000000000004	1.379	1.0590000000000002	1.145	0.516	0.953	1.426	2.55	0.272	1.065	1.726	2.247	5.295	0.57	0.7809999999999999	0.156	3.075	2.069	0.136	0.889	1.1	0.76	0.507	0.262	0.369	1.331	1.5	0.883	1.107	0.19399999999999998	0.805	0	0	0	0	0	0	0	0	10230	11794	3072	3542	0	0	0	0	7	1.94383088797347	2.28202895675421	7059	0.029040940643151002	2717		0.443477609145296	0.037407502130781	0.0	0.005578948815639			0.046918159288727994	0.0	0.0	0.0	0.154165417922167	0.048390327992234		0.0	0.0				0.0	0.0	0.188743297918361	0.07531873678679402			1
S19T003201_CCCAGTTAAGGCGCCG-1	1.423	3.34	0.941	0.12	1.3530000000000002	0.24	1.172	0.377	0.435	0.353	1.2309999999999999	1.125	1.9909999999999999	0.938	0.6629999999999999	0.8109999999999999	1.072	1.9880000000000002	1.2329999999999999	0.033	1.003	1.255	1.17	0.41700000000000004	0.9	1.686	2.713	0.27699999999999997	1.117	1.6269999999999998	1.909	5.641	0.5379999999999999	0.9159999999999999	0.111	3.2560000000000002	1.984	0.142	0.8	1.095	0.733	0.573	0.1	0.32	1.101	1.3419999999999999	0.809	0.929	0.14400000000000002	0.825	0	0	0	0	0	0	0	0	10022	11446	3010	3437	0	0	0	0	8	0.7125893041493121	3.04940585647345	5854	0.043901605739665006	2282		0.30902489415028805	0.06376431695683299	0.0	0.0			0.3782546602424329	0.0	0.0	0.0	0.0	0.10087908790634802		0.0	0.0				0.0	0.034413166748235004	0.032647147872804004	0.081016726123059			15
S19T003201_CGGTACTAGAATCAAA-1	1.736	3.177	0.9179999999999999	0.132	1.526	0.23399999999999999	1.248	0.304	0.753	0.48700000000000004	1.228	1.297	1.703	0.851	0.638	0.789	1.2409999999999999	1.619	1.42	0.081	1.072	1.107	1.051	0.486	0.821	1.476	2.813	0.396	1.369	1.4569999999999999	2.269	4.933	0.405	0.742	0.18100000000000002	3.385	2.1180000000000003	0.11	0.624	1.195	0.6990000000000001	0.55	0.254	0.40299999999999997	0.992	1.409	0.498	0.968	0.183	0.963	0	0	0	0	0	0	0	0	10227	11560	3071	3471	0	0	0	0	4	-0.783861716091471	2.03961591277838	6071	0.030308021742711	2570		0.24925409664007	0.10369003471222099	0.0	0.0			0.04285760187711599	0.0	0.0	0.0	0.03452043387723	0.22558330666374501		0.0	0.0				0.0	0.036014714402639	0.11403419273728801	0.19404561908969198			1
S19T003201_GAGTGTGCGGTACCCA-1	1.6369999999999998	3.455	0.828	0.161	1.83	0.358	0.8420000000000001	0.40299999999999997	0.498	0.5429999999999999	1.099	1.453	1.7519999999999998	0.621	0.982	0.956	1.099	1.287	1.288	0.115	0.9229999999999999	1.511	1.518	0.55	0.7609999999999999	1.838	2.858	0.243	1.2009999999999998	1.871	1.986	5.672000000000001	0.816	0.662	0.265	2.917	1.921	0.135	0.873	1.158	0.7509999999999999	0.42	0.254	0.34700000000000003	0.898	1.182	0.7390000000000001	1.08	0.27699999999999997	0.735	0	0	0	0	0	0	0	0	10439	12142	3135	3646	0	0	0	0	2	5.16289488524215	-1.81934090103388	15167	0.008571240192523	4866		0.452435511037661	0.0	0.0	0.0			0.0	0.0	0.0	0.0	0.0	0.17555306579220298		0.0	0.0				0.0	0.0	0.17164769467859398	0.20036372849154302			1
S19T003201_GCTTAATGTAACTAAC-1	1.339	3.073	0.982	0.146	1.208	0.27699999999999997	1.061	0.406	0.515	0.581	1.484	1.3090000000000002	1.902	0.905	1.0	0.909	1.214	1.881	1.294	0.109	1.192	1.361	1.204	0.544	1.0070000000000001	1.266	2.434	0.32299999999999995	1.219	1.511	2.088	4.835	0.764	0.934	0.109	2.738	1.966	0.09	0.682	1.304	0.9129999999999999	0.59	0.109	0.306	1.168	1.3259999999999998	0.75	1.045	0.244	0.865	0	0	0	0	0	0	0	0	10025	11680	3011	3508	0	0	0	0	7	2.6656567260624597	0.487841410977841	8475	0.025368731563422	3130		0.24469581579542302	0.011612393274593	0.0	0.0			0.0	0.13049467182701402	0.0	0.0	0.023172870071087995	0.073319278879266		0.076558145792218	0.0				0.0	0.024193376876084	0.037488578396384004	0.37846486908793003			7
S19T003201_GGCGAAATCTAACTTG-1	1.476	3.487	1.1540000000000001	0.091	1.38	0.105	0.968	0.245	0.58	0.568	1.301	1.239	1.797	0.698	0.723	0.742	1.024	1.395	1.364	0.151	1.082	1.442	1.26	0.436	0.904	1.6119999999999999	2.673	0.245	1.3319999999999999	1.376	2.11	5.917000000000001	0.594	0.795	0.267	2.992	2.239	0.18600000000000003	0.7290000000000001	1.422	0.904	0.631	0.278	0.23199999999999998	1.014	1.536	0.757	0.943	0.07	0.6729999999999999	0	0	0	0	0	0	0	0	10234	12028	3073	3612	0	0	0	0	6	4.54363171309249	-0.559615807192325	14558	0.008723725786509	4696		0.21347490543554298	0.0	0.0	0.0			0.0	0.0	0.0	0.0	0.0	0.073878234503269		0.0	0.0				0.0	0.0	0.09385945102530001	0.6187874090358879			7
S19T003201_TCCCGTGTGCAATTTG-1	1.385	3.029	0.976	0.239	1.52	0.188	1.304	0.401	0.649	0.623	1.651	1.254	1.1840000000000002	1.172	0.922	0.777	1.258	1.4380000000000002	1.1520000000000001	0.213	1.2830000000000001	1.4780000000000002	1.263	0.61	0.8190000000000001	1.22	2.208	0.282	0.943	1.462	1.839	3.6710000000000003	0.6990000000000001	1.062	0.145	2.747	1.9469999999999998	0.077	0.77	1.048	0.938	0.58	0.33299999999999996	0.365	1.205	1.138	0.821	1.2	0.213	0.9259999999999999	0	0	0	0	0	0	0	0	10426	11206	3131	3365	0	0	0	0	5	-0.4358353808520611	-0.7492982908654209	10039	0.031477238768802	3702		0.13985094928574499	0.233829032521118	0.034988843538399005	0.027804246706637			0.105338766274435	0.021796649291411	0.0	0.0	0.006547019332767	0.188976509729495		0.0	0.0				0.0	0.021796649291411	0.053582573700632005	0.165488760327952			10
S19T003201_TCCTACATCCACGGCC-1	1.541	3.199	0.9620000000000001	0.162	1.4369999999999998	0.231	1.1420000000000001	0.373	0.64	0.512	1.702	1.3219999999999998	1.955	0.805	0.912	0.846	1.063	1.966	1.4069999999999998	0.17	1.047	1.2590000000000001	1.345	0.764	0.868	1.594	2.461	0.35200000000000004	1.064	1.413	2.137	5.106	0.667	0.746	0.152	2.835	2.063	0.163	0.9359999999999999	1.337	0.8540000000000001	0.614	0.152	0.45799999999999996	1.239	1.3630000000000002	0.6659999999999999	1.1	0.303	0.9309999999999999	0	0	0	0	0	0	0	0	10840	11668	3255	3504	0	0	0	0	7	3.7009944126011605	-1.51472778763056	6107	0.016702145079417	2571		0.40784785863107303	0.013286279308034998	0.0	0.029650854691032003			0.0	0.0	0.0	0.0	0.022669259447117996	0.07741108121206099		0.0	0.0				0.0	0.0	0.04500155403225	0.404133112678432			1
S19T003201_TGTTATTGTATGTGGC-1	1.4169999999999998	2.906	0.9209999999999999	0.161	1.4380000000000002	0.294	1.4569999999999999	0.33899999999999997	0.494	0.847	1.43	1.364	1.7	0.879	0.997	1.1079999999999999	0.818	1.69	1.445	0.16	1.122	1.181	1.119	0.649	0.8640000000000001	1.409	2.444	0.303	1.061	1.514	1.9369999999999998	4.338	0.5379999999999999	0.7490000000000001	0.25	2.863	1.599	0.14300000000000002	0.552	1.058	1.018	0.495	0.257	0.49	1.18	1.268	0.812	1.209	0.196	0.904	0	0	0	0	0	0	0	0	10436	11908	3134	3576	0	0	0	0	7	3.43289176672713	0.5689595178198821	8560	0.019158878504673002	3229		0.396441449112344	0.010482518768066999	0.0	0.040308754396834			0.0	0.0	0.0	0.0	0.130076859548181	0.07074497832630999		0.0	0.0				0.0	0.025446465190077004	0.015339668333363	0.311159306324823			1
S19T003201_TTAGAGTTTAGAAGGA-1	1.183	2.988	0.902	0.21100000000000002	1.431	0.21899999999999997	1.105	0.375	0.52	0.875	1.399	1.091	1.551	1.013	1.113	0.9520000000000001	1.188	1.5119999999999998	1.324	0.158	1.187	1.2409999999999999	1.574	0.662	0.998	1.6740000000000002	3.0060000000000002	0.44	1.232	1.604	1.7380000000000002	4.368	0.495	0.938	0.20600000000000002	2.452	2.08	0.027999999999999997	0.6409999999999999	1.207	0.7390000000000001	0.434	0.271	0.373	1.0390000000000001	1.005	0.6459999999999999	0.988	0.308	1.173	0	0	0	0	0	0	0	0	10843	11902	3256	3574	0	0	0	0	2	3.8176311656834305	-2.88656349624872	12395	0.008874546187979001	4335		0.150763743831249	0.0	0.067593171167045	0.044265528272374996			0.0	0.023472718224489	0.0	0.0	0.0	0.19292770778879		0.0	0.0				0.0	0.05816530577876401	0.21107256388532603	0.251739261051962			7
S19T003201_TTCCGGTTACCCACTT-1	1.5430000000000001	3.675	0.927	0.204	1.304	0.193	1.334	0.44299999999999995	0.662	0.40700000000000003	1.455	1.338	1.6540000000000001	0.763	0.669	0.9279999999999999	1.043	1.689	1.276	0.147	0.872	1.27	0.9309999999999999	0.518	0.991	1.619	2.676	0.261	0.9359999999999999	1.406	2.162	5.632999999999999	0.541	0.638	0.18100000000000002	3.5239999999999996	2.291	0.191	0.634	1.325	0.8270000000000001	0.6	0.25	0.499	1.399	1.7469999999999999	0.42	1.297	0.25	1.012	0	0	0	0	0	0	0	0	10641	12022	3195	3610	0	0	0	0	6	3.9727112457157796	-1.48097224678278	21345	0.007027406886859	5734		0.31488116372048	0.0	0.0	0.0			0.0	0.0	0.0	0.0	0.007267112620138001	0.104241251690124		0.0	0.0				0.0	0.0	0.147493331720853	0.426117140248405			7
